Category,Project Name,Description
Beginner,Random Quote Generator,"Introduces APIs, random numbers, and user interaction."
Beginner,Interactive Song Quiz,"Combines web development with basic data structures."
Beginner,Daily Habit Tracker,"Practices data storage and visualization with Pandas."
Intermediate,To-Do List App,"Expands on user interaction and database integration."
Intermediate,Twitter Sentiment Analysis,"Introduces data analysis concepts and libraries."
Intermediate,Workout Log and Analysis,"Combines data tracking and visualization with personal use."
Advanced,E-commerce Website,"Involves complex functionalities, security, and scalability."
Advanced,Stock Price Prediction Model,"Explores machine learning and data-driven prediction."
Advanced,Personal Assistant Chatbot,"Delves into natural language processing and artificial intelligence."
